seed,edge_avg_wait,edge_avg_delay,edge_avg_service_time,edge_utilization,edge_avg_number_node,edge_avg_number_queue,cloud_avg_wait,cloud_avg_delay,cloud_avg_service_time,cloud_utilization,cloud_avg_number_node,cloud_avg_number_queue,count_E,E_avg_wait,E_avg_delay,E_avg_service_time,E_utilization,E_avg_number_edge,E_avg_number_queue_edge,count_C,C_avg_wait,C_avg_delay,C_avg_service_time,C_utilization,C_avg_number_edge,C_avg_number_queue_edge
123456789,1.6945963680571496,1.3111267466130236,0.38346962144412583,0.7521696608764061,3.3239242542441065,2.5717545933677,1.4501971268615816,0.6376216970271479,0.8125754298344339,0.4539492944315444,0.810159818220941,0.35621052378939655,2454,1.8168086472391167,1.3201719410848498,0.49663670615426686,0.6966965670644659,2.5486725645916173,1.8519759975271515,1624,1.3877111005053782,1.2884135058149182,0.09929759469046005,0.055473093811940974,0.775251689652484,0.7197785958405432
