seed,edge_avg_wait,edge_avg_delay,edge_avg_service_time,edge_utilization,edge_avg_number_node,edge_avg_number_queue,cloud_avg_wait,cloud_avg_delay,cloud_avg_service_time,cloud_utilization,cloud_avg_number_node,cloud_avg_number_queue,count_E,E_avg_wait,E_avg_delay,E_avg_service_time,E_utilization,E_avg_number_edge,E_avg_number_queue_edge,count_C,C_avg_wait,C_avg_delay,C_avg_service_time,C_utilization,C_avg_number_edge,C_avg_number_queue_edge
123456789,3.1455589012583682,2.7620892798142425,0.38346962144412583,0.8703677504426995,7.139530413029526,6.269162662586826,1.641244554307245,0.8286691244728109,0.8125754298344339,0.525284183556502,1.0609720329612933,0.5356878494047913,2454,3.241267316266293,2.744630610112026,0.49663670615426686,0.8061774561745971,5.261464985227559,4.4552875290529625,1624,2.905227056183132,2.805929461492672,0.09929759469046005,0.0641902942681032,1.8780654278020197,1.8138751335339165
