seed,edge_server_number,edge_avg_wait,edge_avg_delay,edge_server_service,edge_server_utilization,edge_avg_number_node,edge_avg_number_queue,cloud_avg_wait,cloud_avg_delay,cloud_avg_service_time,cloud_utilization,cloud_number,cloud_avg_number_node,cloud_avg_number_queue,count_E,E_avg_wait,E_avg_delay,E_avg_number_queue_edge,E_edge_server_utilization,E_edge_server_service,E_avg_number_edge,count_C,C_avg_wait,C_avg_delay,C_avg_number_queue_edge,C_edge_server_utilization,C_edge_server_service,C_avg_number_edge
123456789,"[1, 2]",0.7652101922531807,0.37899469041319506,"[0.38565952008080423, 0.38691103790328485]","[0.42220431715464807, 0.3385872680924123]",1.5073591620170241,0.7465675767699638,1.0755880054100764,0.28547897266367894,"[0.7874723631162508, 0.7958088061193005]","[0.3021234286182371, 0.14123942897478645]","[3, 4]",0.6035569167128552,0.16019405911983164,73230,0.8776994929047405,0.3775315236448513,0.5318367860321598,"[0.3910058713166348, 0.31359151615251973]","[0.49937146723077314, 0.5011646649476125]",1.2364341735013142,48482,0.48281058495764495,0.38266790838499215,0.21473079073780413,"[0.031198445838016006, 0.024995751939895342]","[0.10007096852544466, 0.10023232328014368]",0.27092498851571545
