Lambda,E_wait
1.2,1.2554011008815613
1.25,1.3430923426878458
1.3,1.4360359300688297
1.35,1.5609034287633012
1.4,1.6961000599848326
1.45,1.8201769718745915
1.5,2.0502607003347135
1.55,2.2355054935351952
1.6,2.5143545887007925
1.65,2.8529465659747406
1.7,3.3822926308964885
1.75,4.116693905668967
