Lambda,E_wait
1.4,1.9559531647588797
1.5,2.5062603082880304
1.6,3.4810068069431512
1.7,5.713776389541111
1.8,16.77425813852395
