Lambda,E_wait
1.2,1.3611847168711473
1.25,1.4847489482068241
1.3,1.5976188157356772
1.35,1.7477631036606682
1.4,1.98131020338683
1.45,2.176583197040989
1.5,2.552213232520779
1.55,3.0145610788915307
1.6,3.4620300641267634
1.65,4.334594779945141
1.7,5.997328406068946
1.75,8.427981692567313
