Pc,E_wait
0.0,0.7411765927805246
0.1,0.7447948326826774
0.2,0.7465514635717271
0.3,0.748880144935334
0.4,0.7520627882327278
0.5,0.7539897929762368
0.6,0.7544891108043633
0.7,0.7569660799798009
0.8,0.7586057142309351
0.9,0.7603231416321574
1.0,0.7619317066928635
