Pc,E_wait
0.0,2.2132530218960693
0.1,2.356798512884134
0.2,2.490821985865092
0.3,2.7101335021778423
0.4,2.946354478936446
0.5,3.1731098658826427
0.6,3.5748929759818444
0.7,3.8567715843959807
0.8,4.496236122775411
0.9,4.369377240561196
1.0,4.552847460085545
