Pc,E_wait
0.0,0.8096546094431923
0.1,0.8272622060511403
0.2,0.8452578095125203
0.3,0.8646358330156313
0.4,0.888018942175569
0.5,0.9122837480707436
0.6,0.9376878051000019
0.7,0.9687151164002371
0.8,1.0032864363554685
0.9,1.0384243104752442
1.0,0.6076316261403956
